Feature,Importance
BS,0.3643755278778446
SystolicBP,0.18202534640678944
Age,0.16213632829876928
DiastolicBP,0.12299764896083415
HeartRate,0.10484418582079513
BodyTemp,0.06362096263496747
