Model,F1
RandomForest,0.8610849625506228
SVM,0.6877994825350989
XGBoost,0.8057575553270816
